img_name,class,confidence,ymin,xmin,ymax,xmax
cv_sample.png,0,0.5,207.4979248046875,511.994873046875,414.995849609375,1023.98974609375
cv_sample.png,0,0.5,207.4979248046875,511.994873046875,414.995849609375,1023.98974609375
cv_sample.png,0,0.5,207.4979248046875,511.994873046875,414.995849609375,1023.98974609375
cv_sample.png,0,0.5,207.4979248046875,511.994873046875,414.995849609375,1023.98974609375
