img_name,class,confidence,ymin,xmin,ymax,xmax
cv_sample.png,suspect,0.7715227603912354,22.693450927734375,378.4649658203125,287.77667236328125,719.1536865234375
cv_sample.png,suspect,0.7598042488098145,98.41786193847656,38.92924499511719,384.49285888671875,460.2620849609375
cv_sample.png,suspect,0.7626849412918091,29.023895263671875,663.4093627929688,286.2253723144531,990.7190551757812
